filename,regulator,ref_no,title,url,document_date,size_kb,status,error,downloaded_on
CBN_FPR_DIR_PUB_CIR_002_009_Review_of_Minimum_Capital_Requirements_for_6db5d404.pdf,CBN,FPR/DIR/PUB/CIR/002/009,"Review of Minimum Capital Requirements for Commercial, Merchant and Non-Interest Banks in Nigeria",https://www.cbn.gov.ng/OUT/2024/CCD/RECAPITALIZATION_MARCH_2024.PDF,28/03/2024,221.2,already present,,2026-09-22
CBN_BSD_DIR_PUB_14_063_Guidelines_on_Regulatory_Capital_9bb6ceda.pdf,CBN,BSD/DIR/PUB/14/063,Guidelines on Regulatory Capital,https://www.cbn.gov.ng/OUT/2021/BSD/1.%20GUIDELINES%20ON%20REGULATORY%20CAPITAL.PDF,02/09/2021,537.8,downloaded,,2026-09-22
CBN_BSD_DIR_PUB_14_063_Guidelines_on_Liquidity_Risk_Management_and_Int_891ea04b.pdf,CBN,BSD/DIR/PUB/14/063,Guidelines on Liquidity Risk Management and Internal Liquidity Adequacy Assessment Process (ILAAP),https://www.cbn.gov.ng/OUT/2021/BSD/6.%20GUIDELINES%20ON%20LIQUIDITY%20RISK%20MANAGEMENT%20AND%20ILAAP.PDF,02/09/2021,268.8,downloaded,,2026-09-22
CBN_FPR_DIR_PUB_CIR_001_078_Corporate_Governance_Guidelines_for_Commer_6cb3880e.pdf,CBN,FPR/DIR/PUB/CIR/001/078,"Corporate Governance Guidelines for Commercial Banks, Merchant, Non-Interest and Payment Service Banks and Financial Holding Companies in Nigeria",https://www.cbn.gov.ng/OUT/2023/FPRD/CIRCULAR%20AND%20GUIDELINES%20FOR%20CORPORATE%20GOVERNANCE.PDF,14/07/2023,1309.9,downloaded,,2026-09-22
CBN_BSD_DIR_PUB_LAB_017_008_Central_Bank_of_Nigeria_Risk_Based_Cyberse_b5101996.pdf,CBN,BSD/DIR/PUB/LAB/017/008,Central Bank of Nigeria Risk-Based Cybersecurity Framework and Guidelines for Deposit Money Banks and Payment Service Banks,https://www.cbn.gov.ng/OUT/2024/BSD/CBN%20RISK-BASED%20CYBERSECURITY%20FRAMEWORK%20FOR%20DMBS%20AND%20PSBS_2024.PDF,31/05/2024,1030.0,downloaded,,2026-09-22
CBN_BSD_DIR_PUB_LAB_019_002_Issuance_of_Baseline_Standards_for_Automat_aec5c7d4.pdf,CBN,BSD/DIR/PUB/LAB/019/002,Issuance of Baseline Standards for Automated Anti-Money Laundering (AML) Solution for Financial Institutions in Nigeria,https://www.cbn.gov.ng/OUT/2026/CCD/CBN%20ISSUES%20BASELINE%20STANDARDS%20FOR%20AUTOMATED%20ANTI-MONEY%20LAUNDERING%20SOLUTION.PDF,10/03/2026,411.8,downloaded,,2026-09-22
CBN_FPR_DIR_GEN_CIR_001_061_Guidelines_for_Licensing_of_Banks_and_Othe_71bcaefb.pdf,CBN,FPR/DIR/GEN/CIR/001/061,Guidelines for Licensing of Banks and Other Financial Institutions in Nigeria on Anti-Money Laundering Combatting the Financing of...,https://www.cbn.gov.ng/OUT/2022/FPRD/CIRCULAR_AND_AML_LICENSING_GUIDELINE.PDF,23/11/2022,490.6,downloaded,,2026-09-22
CBN_FPR_DIR_PUB_CIR_002_002_Additional_Know_Your_Customer_Requirement__a217d1eb.pdf,CBN,FPR/DIR/PUB/CIR/002/002,Additional Know Your Customer Requirement in Respect of Non-Profit Organizations,https://www.cbn.gov.ng/OUT/2023/FPRD/ADDITIONAL%20KNOW%20YOUR%20CUSTOMER%20REQUIREMENT%20IN%20RESPECT%20OF%20NON-PROFIT%20ORGANIZATIONS.PDF,08/12/2023,211.4,downloaded,,2026-09-22
CBN_FPR_DIR_PUB_CIR_001_014_RE_GUIDELINES_ON_MANAGEMENT_OF_DORMANT_ACC_db017e43.pdf,CBN,FPR/DIR/PUB/CIR/001/014,"RE: GUIDELINES ON MANAGEMENT OF DORMANT ACCOUNTS, UNCLAIMED BALANCES AND OTHER FINANCIAL ASSETS IN BANKS AND OTHER FINANCIAL INSTITUTIONS IN NIGERIA",https://www.cbn.gov.ng/OUT/2026/FPRD/DORMANT%20CIRCULAR.PDF,12/03/2026,728.7,downloaded,,2026-09-22
CBN_BSD_DIR_PUB_LAB_017_003_Re_Impact_of_Recent_Policy_Reforms_Prudent_2500189a.pdf,CBN,BSD/DIR/PUB/LAB/017/003,Re: Impact of Recent Policy Reforms-Prudential Guidance to the Banking Sector,https://www.cbn.gov.ng/OUT/2024/CCD/RE%20IMPACT%20OF%20RECENT%20POLICY%20REFORMS-PRUDENTIAL%20GUIDANCE%20TO%20THE%20BANKING%20SECTOR.PDF,14/03/2024,187.1,downloaded,,2026-09-22
NDIC_NA_ndic_act_2023_latest_14ab1a0a_82c7_4e05_9419_36028005.pdf,NDIC,,Nigeria Deposit Insurance Corporation Act 2023,https://ndic.gov.ng/storage/cms/media/ndic-act-2023-latest-14ab1a0a-82c7-4e05-9419-4b6e0afbfbc8.pdf,,672.8,downloaded,,2026-09-22
NDIC_NA_Supervisory_Guidelines_c1891a69.pdf,NDIC,,Supervisory Guidelines,https://ndic.gov.ng/storage/cms/documents/supervisory-guidelines-3083de20-a363-472c-92ce-2774b1ebebfc.pdf,,136.9,downloaded,,2026-09-22
SEC_NA_SEC_AMLCFTCPF_REGULATIONS_12_MAY_2022_fde31457.pdf,SEC,,SEC Capital Market Operators AML/CFT/CPF Regulations 2022,https://sec.gov.ng/documents/7/SEC-AMLCFTCPF-REGULATIONS-12-MAY-2022.pdf,,762.7,downloaded,,2026-09-22
SEC_NA_SEC_Consolidated_JUNE2013_SIGNEDWEBSITE_1_0eaf6031.pdf,SEC,,SEC Consolidated Rules and Regulations 2013,https://sec.gov.ng/documents/1347/SEC_Consolidated_JUNE2013_SIGNEDWEBSITE_1.pdf,,2846.0,downloaded,,2026-09-22
SEC_NA_New_Rules_and_sundry_amendments_April_2025_cdbc5de2.pdf,SEC,,New Rules and sundry amendments April 2025,https://sec.gov.ng/documents/1323/New-Rules-and-sundry-amendments-April-2025.pdf,,1059.1,downloaded,,2026-09-22
SEC_NA_Executed_Rules_Dec_2024_df195fed.pdf,SEC,,Executed Rules Dec 2024,https://sec.gov.ng/documents/1322/Executed-Rules-Dec-2024.pdf,,716.3,downloaded,,2026-09-22
SEC_NA_Rules_on_Issuance_Offering_and_Custody_of_Digital_Assets_5f09aca2.pdf,SEC,,Rules on Issuance Offering and Custody of Digital Assets,https://sec.gov.ng/documents/8/Rules-on-Issuance-Offering-and-Custody-of-Digital-Assets.pdf,,1098.3,downloaded,,2026-09-22
SEC_NA_Rules_Relating_to_the_Complaints_Management_Framework_of_the_Ni_e4354f10.pdf,SEC,,"Rules Relating to the Complaints Management Framework of the Nigerian Capital Market - February 12, 2015",https://sec.gov.ng/documents/27/Rules_on_Complaints_Mgt_Framework_of_NCM_February_12_2015.pdf,,380.3,downloaded,,2026-09-22
CBN_BOFIA_2020_Banks_and_Other_Financial_Institutions_Act_2020_8f111c1a.pdf,CBN,BOFIA 2020,Banks and Other Financial Institutions Act 2020,https://www.cbn.gov.ng/OUT/2021/CCD/BOFIA%202020.PDF,,2374.8,downloaded,,2026-09-22
FGN_MLPPA_2022_Money_Laundering_Prevention_and_Prohibition_Act_2022_07303441.pdf,FGN,MLPPA 2022,Money Laundering Prevention and Prohibition Act 2022,https://placng.org/i/wp-content/uploads/2022/05/Money-Laundering-Prevention-and-Prohibition-Act-2022.pdf,,574.1,downloaded,,2026-09-22
CBN_FPR_DIR_PUB_CIR_001_042_Guidance_Note_on_Anti_Money_Laundering_and_36abdff2.pdf,CBN,FPR/DIR/PUB/CIR/001/042,Guidance Note on Anti-Money Laundering and Combating the Financing of Terrorism (AML/CFT) Regulations for Other Financial Institutions,https://www.cbn.gov.ng/OUT/2022/FPRD/COMBINEDDOC_GUIDANCE.PDF,25/04/2022,595.7,ok,,2026-09-22
CBN_FPR_DIR_PUB_CIR_007_075_Guidance_Note_on_Politically_Exposed_Perso_2a88a5f1.pdf,CBN,FPR/DIR/PUB/CIR/007/075,Guidance Note on Politically Exposed Persons (PEP),https://www.cbn.gov.ng/OUT/2023/CCD/APPROVED%20PEP%20GUIDANCE%20MAY%202023-COMBINED.PDF,23/06/2023,338.1,ok,,2026-09-22
CBN_GVD_ESO_GEN_PMF_02_004_Anti_Money_Laundering_Combating_the_Financi_84136abe.pdf,CBN,GVD/ESO/GEN/PMF/02/004,Anti-Money Laundering/Combating the Financing of Terrorism (AML/CFT) Policy and Procedure Manual,https://www.cbn.gov.ng/OUT/2019/CCD/CBN%20ANTI-MONEY%20LAUNDERING%20_COMBATING%20THE%20FINANCING%20OF%20TERRORISM%20_MANUAL%20%282%29.PDF,08/02/2019,1114.3,ok,,2026-09-22
CBN_FPR_DIR_GEN_CIR_01_004_Circular_to_All_Banks_and_Other_Financial_I_57ad5963.pdf,CBN,FPR/DIR/GEN/CIR/01/004,Circular to All Banks and Other Financial Institutions: Uniform Account Opening Forms and Minimum Information Requirements for Three-Tiered KYC for Customers of Banks and Other Financial Institutions in Nigeria,https://www.cbn.gov.ng/OUT/2014/FPRD/CIRCULAR%20ON%20UNIFORM%20ACCT%20%20OPENING.PDF,28/02/2014,1535.0,ok,,2026-09-22
